Time,IRIP_X,IRIP_Y,IP_X,IP_Y,IP_Z,IRCP_X,IRCP_Y,CP_X,CP_Y,CP_Z,OE_A,OE_B,OE_G,TLV_X,TLV_Y,TLV_Z,TAV_X,TAV_Y,TAV_Z
21.04,357.0780503555299,31.11520630753056,3.9211715538218286,8.786931527971518,1.0,325.1206608990275,380.4836753152359,2.6752694307613045,-4.833671552250913,6.667162457622279,-2.166563531357552,0.08650161129322388,0.8251968414323356,-0.6266515177224996,3.2838304238083853,1.1687068664623461,11.345515487949461,19.15277403180336,-0.3643944239036769
21.04,357.0780503555299,31.11520630753056,3.9211715538218286,8.786931527971518,1.0,324.6117270938932,378.70486338898223,2.655427956876928,-4.764322159414511,6.693109493457475,-1.729302952662545,0.17338334130968996,0.8680280714137323,-1.321125761871812,3.636115428224377,1.4930667895521432,10.935967434223702,19.038266014575374,-1.0314003911925296
