{"loss": [0.6323494911193848, 0.561021089553833, 0.5155409574508667, 0.4850562810897827, 0.469700425863266, 0.4465901255607605, 0.4368821680545807, 0.42128339409828186, 0.4204283058643341, 0.3976375460624695, 0.39105460047721863], "accuracy": [0.7129523754119873, 0.7470952272415161, 0.7674762010574341, 0.7871428728103638, 0.7912856936454773, 0.8032857179641724, 0.8078571557998657, 0.8190476298332214, 0.8220000267028809, 0.8327142596244812, 0.837238073348999], "val_loss": [0.602473258972168, 0.5763602256774902, 0.5541409254074097, 0.5417128205299377, 0.5257653594017029, 0.5355319380760193, 0.5475630164146423, 0.5523337721824646, 0.5728599429130554, 0.5831605195999146, 0.5827057957649231], "val_accuracy": [0.716926097869873, 0.7292801737785339, 0.7607004046440125, 0.7600194811820984, 0.7742217779159546, 0.774319052696228, 0.7689688801765442, 0.758560299873352, 0.7438715696334839, 0.7579766511917114, 0.7522373795509338], "val_auc": [0.6864282188849917, 0.7356270263434805, 0.7694459196328505, 0.7736722846459843, 0.7920483044769758, 0.7881389556605747, 0.7907738790598737, 0.7795565543835273, 0.7797230257121557, 0.7774606122704778, 0.7833726836356734]}