{"loss": [0.5998837947845459, 0.5439957976341248, 0.5208306312561035, 0.49726608395576477, 0.489644855260849, 0.4718969464302063, 0.4661998152732849], "accuracy": [0.7131428718566895, 0.7454285621643066, 0.7644285559654236, 0.780047595500946, 0.7824761867523193, 0.7856190204620361, 0.7894285917282104], "val_loss": [0.5907716155052185, 0.5658537745475769, 0.5690972208976746, 0.5606645345687866, 0.5530720949172974, 0.5398998260498047, 0.5549503564834595], "val_accuracy": [0.6963034868240356, 0.7498054504394531, 0.7487354278564453, 0.7425097227096558, 0.7302529215812683, 0.7468871474266052, 0.7327821254730225], "val_auc": [0.7406390362270114, 0.7469297565788136, 0.7468111130213604, 0.7603348896391471, 0.7763607274988178, 0.7807428030124877, 0.7693854555690156]}